ProductID,DocumentNode,ModifiedDate
317,0x6AC0,51:58.1
318,0x6AC0,51:58.1
319,0x6AC0,51:58.1
506,0x7AC0,51:58.1
506,0x7B40,51:58.1
514,0x7C20,51:58.1
515,0x7C20,51:58.1
516,0x7C20,51:58.1
517,0x7C20,51:58.1
518,0x7C20,51:58.1
519,0x7C20,51:58.1
520,0x7C20,51:58.1
521,0x7C20,51:58.1
522,0x7C20,51:58.1
928,0x6AC0,51:58.1
929,0x6AC0,51:58.1
930,0x6AC0,51:58.1
931,0x6AC0,51:58.1
932,0x6AC0,51:58.1
933,0x6AC0,51:58.1
934,0x6AC0,51:58.1
935,0x7BC0,51:58.1
936,0x7BC0,51:58.1
937,0x7BC0,51:58.1
938,0x7BC0,51:58.1
939,0x7BC0,51:58.1
940,0x7BC0,51:58.1
941,0x7BC0,51:58.1
977,0x5AC0,51:58.1
997,0x5AC0,51:58.1
998,0x5AC0,51:58.1
999,0x5AC0,51:58.1
