ProductID,BusinessEntityID,AverageLeadTime,StandardPrice,LastReceiptCost,LastReceiptDate,MinOrderQty,MaxOrderQty,OnOrderQty,UnitMeasureCode,ModifiedDate
1,1580,17,47.87,50.2635,00:00.0,1,5,3,CS ,00:00.0
2,1688,19,39.92,41.916,00:00.0,1,5,3,CTN,00:00.0
4,1650,17,54.31,57.0255,00:00.0,1,5,NULL,CTN,00:00.0
317,1578,19,28.17,29.5785,00:00.0,100,1000,300,EA ,00:00.0
317,1678,17,25.77,27.0585,00:00.0,100,1000,NULL,EA ,00:00.0
318,1578,19,34.38,36.099,00:00.0,100,1000,NULL,EA ,00:00.0
318,1678,17,31.98,33.579,00:00.0,100,1000,300,EA ,00:00.0
319,1556,19,44.21,46.4205,00:00.0,100,1000,300,EA ,00:00.0
319,1578,19,46.27,48.5835,00:00.0,100,1000,NULL,EA ,00:00.0
319,1678,17,43.87,46.0635,00:00.0,100,1000,NULL,EA ,00:00.0
320,1514,19,47.28,49.644,00:00.0,1,5,3,CAN,00:00.0
320,1602,17,45.21,47.4705,00:00.0,1,5,NULL,CAN,00:00.0
320,1604,17,43.21,45.3705,00:00.0,1,5,NULL,CAN,00:00.0
321,1514,19,42.21,44.3205,00:00.0,1,5,NULL,CAN,00:00.0
321,1602,17,40.76,42.798,00:00.0,1,5,NULL,CAN,00:00.0
321,1604,17,38.56,40.488,00:00.0,1,5,NULL,CAN,00:00.0
322,1514,19,27.33,28.6965,00:00.0,20,100,NULL,DZ ,00:00.0
322,1602,17,24.21,25.4205,00:00.0,20,100,NULL,DZ ,00:00.0
322,1604,17,25.11,26.3655,00:00.0,20,100,NULL,DZ ,00:00.0
323,1698,17,47.87,50.2635,00:00.0,1,5,NULL,CS ,00:00.0
325,1590,19,0.2,0.21,00:00.0,500,2000,NULL,EA ,00:00.0
326,1590,19,0.2,0.21,00:00.0,500,2000,NULL,EA ,00:00.0
332,1608,19,10.3,10.815,00:00.0,100,1000,NULL,EA ,00:00.0
341,1598,15,39.21,41.1705,00:00.0,1,5,3,CTN,00:00.0
341,1614,19,45.31,47.5755,00:00.0,1,5,NULL,CTN,00:00.0
341,1622,19,45.21,47.4705,00:00.0,1,5,NULL,CTN,00:00.0
342,1598,15,37.21,39.0705,00:00.0,1,5,3,CTN,00:00.0
342,1614,19,43.31,45.4755,00:00.0,1,5,NULL,CTN,00:00.0
342,1622,19,43.21,45.3705,00:00.0,1,5,NULL,CTN,00:00.0
343,1598,15,41.28,43.344,00:00.0,1,5,NULL,CTN,00:00.0
343,1614,19,47.38,49.749,00:00.0,1,5,NULL,CTN,00:00.0
343,1622,19,47.28,49.644,00:00.0,1,5,NULL,CTN,00:00.0
344,1598,15,37.21,39.0705,00:00.0,1,5,3,CTN,00:00.0
344,1614,19,43.31,45.4755,00:00.0,1,5,NULL,CTN,00:00.0
344,1622,19,43.21,45.3705,00:00.0,1,5,NULL,CTN,00:00.0
345,1598,15,35.21,36.9705,00:00.0,1,5,3,CTN,00:00.0
345,1614,19,41.31,43.3755,00:00.0,1,5,NULL,CTN,00:00.0
345,1622,19,41.21,43.2705,00:00.0,1,5,NULL,CTN,00:00.0
346,1598,15,39.28,41.244,00:00.0,1,5,NULL,CTN,00:00.0
346,1614,19,45.38,47.649,00:00.0,1,5,NULL,CTN,00:00.0
346,1622,19,45.28,47.544,00:00.0,1,5,NULL,CTN,00:00.0
347,1598,15,35.21,36.9705,00:00.0,1,5,3,CTN,00:00.0
347,1614,19,41.31,43.3755,00:00.0,1,5,NULL,CTN,00:00.0
347,1622,19,41.21,43.2705,00:00.0,1,5,NULL,CTN,00:00.0
348,1598,15,33.21,34.8705,00:00.0,1,5,3,CTN,00:00.0
348,1614,19,39.31,41.2755,00:00.0,1,5,NULL,CTN,00:00.0
348,1622,19,39.21,41.1705,00:00.0,1,5,NULL,CTN,00:00.0
349,1598,15,37.28,39.144,00:00.0,1,5,3,CTN,00:00.0
349,1614,19,43.38,45.549,00:00.0,1,5,NULL,CTN,00:00.0
349,1622,19,43.28,45.444,00:00.0,1,5,NULL,CTN,00:00.0
351,1544,15,5.5,5.775,00:00.0,100,1000,NULL,EA ,00:00.0
351,1694,15,5.9,6.195,00:00.0,100,1000,300,EA ,00:00.0
352,1544,15,1.1,1.155,00:00.0,100,1000,300,EA ,00:00.0
352,1694,15,1.4,1.47,00:00.0,100,1000,NULL,EA ,00:00.0
355,1508,15,1.3,1.365,00:00.0,100,1000,300,EA ,00:00.0
356,1516,18,3.43,3.6015,00:00.0,20,100,NULL,PAK,00:00.0
356,1572,16,3.22,3.381,00:00.0,20,100,60,PAK,00:00.0
357,1516,18,3.79,3.9795,00:00.0,20,100,NULL,PAK,00:00.0
357,1572,16,4.11,4.3155,00:00.0,20,100,60,PAK,00:00.0
358,1500,16,6.65,6.9825,00:00.0,20,100,60,PAK,00:00.0
359,1496,17,45.41,47.6805,00:00.0,1,5,3,CS ,00:00.0
359,1554,19,45.26,47.523,00:00.0,1,5,NULL,CS ,00:00.0
360,1496,17,43.41,45.5805,00:00.0,1,5,3,CS ,00:00.0
360,1554,19,43.26,45.423,00:00.0,1,5,NULL,CS ,00:00.0
361,1496,17,47.48,49.854,00:00.0,1,5,NULL,CS ,00:00.0
361,1554,19,47.33,49.6965,00:00.0,1,5,NULL,CS ,00:00.0
362,1496,17,43.41,45.5805,00:00.0,1,5,3,CS ,00:00.0
362,1554,19,43.26,45.423,00:00.0,1,5,NULL,CS ,00:00.0
363,1496,17,41.41,43.4805,00:00.0,1,5,NULL,CS ,00:00.0
363,1554,19,41.26,43.323,00:00.0,1,5,NULL,CS ,00:00.0
364,1496,17,45.48,47.754,00:00.0,1,5,3,CS ,00:00.0
364,1554,19,45.33,47.5965,00:00.0,1,5,NULL,CS ,00:00.0
365,1496,17,41.41,43.4805,00:00.0,1,5,NULL,CS ,00:00.0
365,1554,19,41.26,43.323,00:00.0,1,5,NULL,CS ,00:00.0
366,1496,17,39.41,41.3805,00:00.0,1,5,3,CS ,00:00.0
366,1554,19,39.26,41.223,00:00.0,1,5,NULL,CS ,00:00.0
367,1496,17,43.48,45.654,00:00.0,1,5,NULL,CS ,00:00.0
367,1554,19,43.33,45.4965,00:00.0,1,5,NULL,CS ,00:00.0
368,1496,17,39.41,41.3805,00:00.0,1,5,3,CS ,00:00.0
368,1554,19,39.26,41.223,00:00.0,1,5,NULL,CS ,00:00.0
369,1496,17,37.41,39.2805,00:00.0,1,5,3,CS ,00:00.0
369,1554,19,37.26,39.123,00:00.0,1,5,NULL,CS ,00:00.0
370,1496,17,41.48,43.554,00:00.0,1,5,3,CS ,00:00.0
370,1554,19,41.33,43.3965,00:00.0,1,5,NULL,CS ,00:00.0
371,1496,17,37.41,39.2805,00:00.0,1,5,NULL,CS ,00:00.0
371,1554,19,37.26,39.123,00:00.0,1,5,NULL,CS ,00:00.0
372,1496,17,35.41,37.1805,00:00.0,1,5,3,CS ,00:00.0
372,1554,19,35.26,37.023,00:00.0,1,5,NULL,CS ,00:00.0
373,1496,17,39.48,41.454,00:00.0,1,5,3,CS ,00:00.0
373,1554,19,39.33,41.2965,00:00.0,1,5,NULL,CS ,00:00.0
374,1496,17,35.41,37.1805,00:00.0,1,5,3,CS ,00:00.0
374,1554,19,35.26,37.023,00:00.0,1,5,NULL,CS ,00:00.0
375,1536,15,41.28,43.344,00:00.0,1,5,3,CTN,00:00.0
375,1562,16,41.21,43.2705,00:00.0,1,5,NULL,CTN,00:00.0
375,1656,16,41.21,43.2705,00:00.0,1,5,NULL,CTN,00:00.0
376,1536,15,37.21,39.0705,00:00.0,1,5,NULL,CTN,00:00.0
376,1562,16,39.21,41.1705,00:00.0,1,5,NULL,CTN,00:00.0
376,1656,16,45.28,47.544,00:00.0,1,5,NULL,CTN,00:00.0
377,1536,15,35.21,36.9705,00:00.0,1,5,3,CTN,00:00.0
377,1562,16,43.28,45.444,00:00.0,1,5,NULL,CTN,00:00.0
377,1656,16,41.21,43.2705,00:00.0,1,5,NULL,CTN,00:00.0
378,1536,15,39.28,41.244,00:00.0,1,5,3,CTN,00:00.0
378,1562,16,39.21,41.1705,00:00.0,1,5,NULL,CTN,00:00.0
378,1656,16,39.21,41.1705,00:00.0,1,5,NULL,CTN,00:00.0
379,1536,15,35.21,36.9705,00:00.0,1,5,NULL,CTN,00:00.0
379,1562,16,37.21,39.0705,00:00.0,1,5,NULL,CTN,00:00.0
379,1656,16,43.28,45.444,00:00.0,1,5,NULL,CTN,00:00.0
380,1536,15,41.16,43.218,00:00.0,1,5,3,CTN,00:00.0
380,1562,16,41.28,43.344,00:00.0,1,5,NULL,CTN,00:00.0
380,1656,16,39.21,41.1705,00:00.0,1,5,NULL,CTN,00:00.0
381,1536,15,45.23,47.4915,00:00.0,1,5,3,CTN,00:00.0
381,1562,16,37.21,39.0705,00:00.0,1,5,NULL,CTN,00:00.0
381,1656,16,37.21,39.0705,00:00.0,1,5,NULL,CTN,00:00.0
382,1536,15,41.21,43.2705,00:00.0,1,5,3,CTN,00:00.0
382,1562,16,35.21,36.9705,00:00.0,1,5,NULL,CTN,00:00.0
383,1536,15,45.28,47.544,00:00.0,1,5,NULL,CTN,00:00.0
383,1562,16,39.28,41.244,00:00.0,1,5,NULL,CTN,00:00.0
384,1536,15,41.21,43.2705,00:00.0,1,5,3,CTN,00:00.0
384,1562,16,35.21,36.9705,00:00.0,1,5,NULL,CTN,00:00.0
385,1536,15,39.21,41.1705,00:00.0,1,5,NULL,CTN,00:00.0
385,1562,16,41.16,43.218,00:00.0,1,5,NULL,CTN,00:00.0
386,1536,15,43.28,45.444,00:00.0,1,5,3,CTN,00:00.0
386,1562,16,45.23,47.4915,00:00.0,1,5,NULL,CTN,00:00.0
387,1536,15,39.21,41.1705,00:00.0,1,5,3,CTN,00:00.0
387,1562,16,41.21,43.2705,00:00.0,1,5,NULL,CTN,00:00.0
388,1536,15,37.21,39.0705,00:00.0,1,5,3,CTN,00:00.0
388,1562,16,45.28,47.544,00:00.0,1,5,NULL,CTN,00:00.0
389,1536,15,41.28,43.344,00:00.0,1,5,NULL,CTN,00:00.0
389,1562,16,41.21,43.2705,00:00.0,1,5,NULL,CTN,00:00.0
390,1536,15,37.21,39.0705,00:00.0,1,5,3,CTN,00:00.0
390,1562,16,39.21,41.1705,00:00.0,1,5,NULL,CTN,00:00.0
391,1536,15,35.21,36.9705,00:00.0,1,5,3,CTN,00:00.0
391,1562,16,43.28,45.444,00:00.0,1,5,NULL,CTN,00:00.0
392,1536,15,39.28,41.244,00:00.0,1,5,3,CTN,00:00.0
392,1562,16,39.21,41.1705,00:00.0,1,5,NULL,CTN,00:00.0
393,1536,15,35.21,36.9705,00:00.0,1,5,NULL,CTN,00:00.0
393,1562,16,37.21,39.0705,00:00.0,1,5,NULL,CTN,00:00.0
394,1536,15,41.16,43.218,00:00.0,1,5,3,CTN,00:00.0
394,1562,16,41.28,43.344,00:00.0,1,5,NULL,CTN,00:00.0
395,1536,15,45.23,47.4915,00:00.0,1,5,3,CTN,00:00.0
395,1562,16,37.21,39.0705,00:00.0,1,5,NULL,CTN,00:00.0
396,1536,15,41.21,43.2705,00:00.0,1,5,NULL,CTN,00:00.0
396,1562,16,35.21,36.9705,00:00.0,1,5,NULL,CTN,00:00.0
397,1536,15,45.28,47.544,00:00.0,1,5,NULL,CTN,00:00.0
397,1562,16,39.28,41.244,00:00.0,1,5,NULL,CTN,00:00.0
402,1648,15,45.21,47.4705,00:00.0,1,5,3,CTN,00:00.0
403,1616,17,45.21,47.4705,00:00.0,1,5,3,CAN,00:00.0
403,1672,15,43.21,45.3705,00:00.0,1,5,3,CAN,00:00.0
403,1686,19,43.28,45.444,00:00.0,1,5,NULL,CAN,00:00.0
404,1616,17,43.21,45.3705,00:00.0,1,5,3,CAN,00:00.0
404,1672,15,47.28,49.644,00:00.0,1,5,3,CAN,00:00.0
404,1686,19,39.21,41.1705,00:00.0,1,5,NULL,CAN,00:00.0
405,1616,17,47.28,49.644,00:00.0,1,5,3,CAN,00:00.0
405,1672,15,43.21,45.3705,00:00.0,1,5,3,CAN,00:00.0
405,1686,19,37.21,39.0705,00:00.0,1,5,NULL,CAN,00:00.0
406,1616,17,43.21,45.3705,00:00.0,1,5,3,CAN,00:00.0
406,1672,15,41.21,43.2705,00:00.0,1,5,3,CAN,00:00.0
406,1686,19,41.28,43.344,00:00.0,1,5,NULL,CAN,00:00.0
407,1616,17,41.21,43.2705,00:00.0,1,5,NULL,CAN,00:00.0
407,1672,15,45.28,47.544,00:00.0,1,5,NULL,CAN,00:00.0
407,1686,19,37.21,39.0705,00:00.0,1,5,NULL,CAN,00:00.0
408,1616,17,45.28,47.544,00:00.0,1,5,3,CAN,00:00.0
408,1672,15,41.21,43.2705,00:00.0,1,5,3,CAN,00:00.0
408,1686,19,35.21,36.9705,00:00.0,1,5,NULL,CAN,00:00.0
409,1616,17,41.21,43.2705,00:00.0,1,5,3,CAN,00:00.0
409,1672,15,39.21,41.1705,00:00.0,1,5,3,CAN,00:00.0
409,1686,19,39.28,41.244,00:00.0,1,5,NULL,CAN,00:00.0
410,1616,17,39.21,41.1705,00:00.0,1,5,3,CAN,00:00.0
410,1686,19,35.21,36.9705,00:00.0,1,5,NULL,CAN,00:00.0
411,1616,17,43.28,45.444,00:00.0,1,5,NULL,CAN,00:00.0
411,1686,19,33.21,34.8705,00:00.0,1,5,NULL,CAN,00:00.0
412,1616,17,39.21,41.1705,00:00.0,1,5,3,CAN,00:00.0
412,1686,19,37.28,39.144,00:00.0,1,5,NULL,CAN,00:00.0
413,1616,17,37.21,39.0705,00:00.0,1,5,NULL,CAN,00:00.0
413,1686,19,45.31,47.5755,00:00.0,1,5,NULL,CAN,00:00.0
414,1616,17,41.28,43.344,00:00.0,1,5,3,CAN,00:00.0
414,1686,19,43.31,45.4755,00:00.0,1,5,NULL,CAN,00:00.0
415,1616,17,37.21,39.0705,00:00.0,1,5,3,CAN,00:00.0
415,1686,19,47.38,49.749,00:00.0,1,5,NULL,CAN,00:00.0
416,1616,17,35.21,36.9705,00:00.0,1,5,3,CAN,00:00.0
416,1686,19,43.31,45.4755,00:00.0,1,5,NULL,CAN,00:00.0
417,1616,17,39.28,41.244,00:00.0,1,5,NULL,CAN,00:00.0
417,1686,19,41.31,43.3755,00:00.0,1,5,NULL,CAN,00:00.0
418,1616,17,35.21,36.9705,00:00.0,1,5,3,CAN,00:00.0
418,1686,19,45.38,47.649,00:00.0,1,5,NULL,CAN,00:00.0
419,1616,17,33.21,34.8705,00:00.0,1,5,3,CAN,00:00.0
419,1686,19,41.31,43.3755,00:00.0,1,5,NULL,CAN,00:00.0
420,1616,17,37.28,39.144,00:00.0,1,5,3,CAN,00:00.0
420,1686,19,39.31,41.2755,00:00.0,1,5,NULL,CAN,00:00.0
421,1616,17,45.31,47.5755,00:00.0,1,5,3,CAN,00:00.0
421,1686,19,43.38,45.549,00:00.0,1,5,NULL,CAN,00:00.0
422,1492,17,45.26,47.523,00:00.0,1,5,NULL,CTN,00:00.0
422,1534,19,45.41,47.6805,00:00.0,1,5,NULL,CTN,00:00.0
422,1666,16,45.41,47.6805,00:00.0,1,5,NULL,CTN,00:00.0
423,1492,17,43.26,45.423,00:00.0,1,5,NULL,CTN,00:00.0
423,1534,19,43.41,45.5805,00:00.0,1,5,NULL,CTN,00:00.0
423,1666,16,43.41,45.5805,00:00.0,1,5,NULL,CTN,00:00.0
424,1492,17,47.33,49.6965,00:00.0,1,5,NULL,CTN,00:00.0
424,1534,19,47.48,49.854,00:00.0,1,5,NULL,CTN,00:00.0
424,1666,16,47.48,49.854,00:00.0,1,5,NULL,CTN,00:00.0
425,1492,17,43.26,45.423,00:00.0,1,5,NULL,CTN,00:00.0
425,1534,19,43.41,45.5805,00:00.0,1,5,NULL,CTN,00:00.0
425,1666,16,43.41,45.5805,00:00.0,1,5,NULL,CTN,00:00.0
426,1492,17,41.26,43.323,00:00.0,1,5,NULL,CTN,00:00.0
426,1534,19,41.41,43.4805,00:00.0,1,5,NULL,CTN,00:00.0
426,1666,16,41.41,43.4805,00:00.0,1,5,NULL,CTN,00:00.0
427,1492,17,45.33,47.5965,00:00.0,1,5,NULL,CTN,00:00.0
427,1534,19,45.48,47.754,00:00.0,1,5,NULL,CTN,00:00.0
427,1666,16,45.48,47.754,00:00.0,1,5,NULL,CTN,00:00.0
428,1492,17,41.26,43.323,00:00.0,1,5,NULL,CTN,00:00.0
428,1534,19,41.41,43.4805,00:00.0,1,5,NULL,CTN,00:00.0
428,1666,16,41.41,43.4805,00:00.0,1,5,NULL,CTN,00:00.0
429,1492,17,39.26,41.223,00:00.0,1,5,NULL,CTN,00:00.0
429,1534,19,39.41,41.3805,00:00.0,1,5,NULL,CTN,00:00.0
429,1666,16,39.41,41.3805,00:00.0,1,5,NULL,CTN,00:00.0
430,1492,17,43.33,45.4965,00:00.0,1,5,NULL,CTN,00:00.0
430,1534,19,43.48,45.654,00:00.0,1,5,NULL,CTN,00:00.0
430,1666,16,43.48,45.654,00:00.0,1,5,NULL,CTN,00:00.0
431,1492,17,39.26,41.223,00:00.0,1,5,NULL,CTN,00:00.0
431,1534,19,39.41,41.3805,00:00.0,1,5,NULL,CTN,00:00.0
431,1666,16,39.41,41.3805,00:00.0,1,5,NULL,CTN,00:00.0
432,1492,17,37.26,39.123,00:00.0,1,5,NULL,CTN,00:00.0
432,1534,19,37.41,39.2805,00:00.0,1,5,NULL,CTN,00:00.0
432,1666,16,37.41,39.2805,00:00.0,1,5,NULL,CTN,00:00.0
433,1492,17,41.33,43.3965,00:00.0,1,5,NULL,CTN,00:00.0
433,1534,19,41.48,43.554,00:00.0,1,5,NULL,CTN,00:00.0
433,1666,16,41.48,43.554,00:00.0,1,5,NULL,CTN,00:00.0
434,1492,17,37.26,39.123,00:00.0,1,5,NULL,CTN,00:00.0
434,1534,19,37.41,39.2805,00:00.0,1,5,NULL,CTN,00:00.0
434,1666,16,37.41,39.2805,00:00.0,1,5,NULL,CTN,00:00.0
435,1492,17,35.26,37.023,00:00.0,1,5,NULL,CTN,00:00.0
435,1534,19,35.41,37.1805,00:00.0,1,5,NULL,CTN,00:00.0
435,1666,16,35.41,37.1805,00:00.0,1,5,NULL,CTN,00:00.0
436,1492,17,39.33,41.2965,00:00.0,1,5,NULL,CTN,00:00.0
436,1534,19,39.48,41.454,00:00.0,1,5,NULL,CTN,00:00.0
436,1666,16,39.48,41.454,00:00.0,1,5,NULL,CTN,00:00.0
437,1492,17,35.26,37.023,00:00.0,1,5,NULL,CTN,00:00.0
437,1534,19,35.41,37.1805,00:00.0,1,5,NULL,CTN,00:00.0
437,1666,16,35.41,37.1805,00:00.0,1,5,NULL,CTN,00:00.0
438,1540,17,39.26,41.223,00:00.0,1,5,NULL,CTN,00:00.0
438,1656,16,45.41,47.6805,00:00.0,1,5,NULL,CTN,00:00.0
439,1540,17,43.33,45.4965,00:00.0,1,5,NULL,CTN,00:00.0
439,1656,16,43.41,45.5805,00:00.0,1,5,NULL,CTN,00:00.0
440,1540,17,39.26,41.223,00:00.0,1,5,NULL,CTN,00:00.0
440,1656,16,47.48,49.854,00:00.0,1,5,NULL,CTN,00:00.0
441,1540,17,37.26,39.123,00:00.0,1,5,NULL,CTN,00:00.0
441,1656,16,43.41,45.5805,00:00.0,1,5,NULL,CTN,00:00.0
442,1540,17,41.33,43.3965,00:00.0,1,5,NULL,CTN,00:00.0
442,1656,16,41.41,43.4805,00:00.0,1,5,NULL,CTN,00:00.0
443,1540,17,37.26,39.123,00:00.0,1,5,NULL,CTN,00:00.0
443,1656,16,45.48,47.754,00:00.0,1,5,NULL,CTN,00:00.0
444,1540,17,35.26,37.023,00:00.0,1,5,NULL,CTN,00:00.0
444,1656,16,41.41,43.4805,00:00.0,1,5,NULL,CTN,00:00.0
445,1540,17,39.33,41.2965,00:00.0,1,5,NULL,CTN,00:00.0
445,1656,16,39.41,41.3805,00:00.0,1,5,NULL,CTN,00:00.0
446,1540,17,35.26,37.023,00:00.0,1,5,NULL,CTN,00:00.0
446,1656,16,43.48,45.654,00:00.0,1,5,NULL,CTN,00:00.0
447,1540,17,45.41,47.6805,00:00.0,1,5,NULL,CTN,00:00.0
447,1656,16,39.41,41.3805,00:00.0,1,5,NULL,CTN,00:00.0
448,1540,17,43.41,45.5805,00:00.0,1,5,NULL,CTN,00:00.0
448,1656,16,37.41,39.2805,00:00.0,1,5,NULL,CTN,00:00.0
449,1540,17,47.48,49.854,00:00.0,1,5,NULL,CTN,00:00.0
449,1656,16,41.48,43.554,00:00.0,1,5,NULL,CTN,00:00.0
450,1540,17,43.41,45.5805,00:00.0,1,5,NULL,CTN,00:00.0
450,1656,16,37.41,39.2805,00:00.0,1,5,NULL,CTN,00:00.0
451,1540,17,41.41,43.4805,00:00.0,1,5,NULL,CTN,00:00.0
451,1656,16,35.41,37.1805,00:00.0,1,5,NULL,CTN,00:00.0
452,1540,17,45.48,47.754,00:00.0,1,5,NULL,CTN,00:00.0
452,1656,16,39.48,41.454,00:00.0,1,5,NULL,CTN,00:00.0
453,1540,17,41.41,43.4805,00:00.0,1,5,NULL,CTN,00:00.0
453,1656,16,35.41,37.1805,00:00.0,1,5,NULL,CTN,00:00.0
454,1540,17,39.41,41.3805,00:00.0,1,5,NULL,CTN,00:00.0
454,1656,16,45.26,47.523,00:00.0,1,5,NULL,CTN,00:00.0
455,1540,17,43.48,45.654,00:00.0,1,5,NULL,CTN,00:00.0
455,1656,16,43.26,45.423,00:00.0,1,5,NULL,CTN,00:00.0
456,1540,17,39.41,41.3805,00:00.0,1,5,NULL,CTN,00:00.0
456,1656,16,47.33,49.6965,00:00.0,1,5,NULL,CTN,00:00.0
457,1540,17,37.41,39.2805,00:00.0,1,5,NULL,CTN,00:00.0
457,1656,16,43.26,45.423,00:00.0,1,5,NULL,CTN,00:00.0
458,1540,17,41.48,43.554,00:00.0,1,5,NULL,CTN,00:00.0
458,1656,16,41.26,43.323,00:00.0,1,5,NULL,CTN,00:00.0
459,1540,17,37.41,39.2805,00:00.0,1,5,NULL,CTN,00:00.0
459,1656,16,45.33,47.5965,00:00.0,1,5,NULL,CTN,00:00.0
460,1540,17,35.41,37.1805,00:00.0,1,5,NULL,CTN,00:00.0
460,1656,16,41.26,43.323,00:00.0,1,5,NULL,CTN,00:00.0
461,1540,17,39.48,41.454,00:00.0,1,5,NULL,DZ ,00:00.0
462,1510,18,45.41,47.6805,00:00.0,1,5,3,CS ,00:00.0
463,1582,18,45.26,47.523,00:00.0,1,5,NULL,CAN,00:00.0
464,1582,18,43.26,45.423,00:00.0,1,5,NULL,CAN,00:00.0
465,1582,18,47.33,49.6965,00:00.0,1,5,NULL,CAN,00:00.0
466,1582,18,43.26,45.423,00:00.0,1,5,NULL,CAN,00:00.0
467,1582,18,41.26,43.323,00:00.0,1,5,NULL,CAN,00:00.0
468,1582,18,45.33,47.5965,00:00.0,1,5,NULL,CAN,00:00.0
469,1582,18,41.26,43.323,00:00.0,1,5,NULL,CAN,00:00.0
470,1582,18,39.26,41.223,00:00.0,1,5,NULL,CAN,00:00.0
471,1582,18,43.33,45.4965,00:00.0,1,5,NULL,CAN,00:00.0
472,1582,18,39.26,41.223,00:00.0,1,5,NULL,CAN,00:00.0
473,1582,18,37.26,39.123,00:00.0,1,5,NULL,CAN,00:00.0
474,1582,18,41.33,43.3965,00:00.0,1,5,NULL,CAN,00:00.0
475,1582,18,37.26,39.123,00:00.0,1,5,NULL,CAN,00:00.0
476,1568,15,15.13,15.8865,00:00.0,100,1000,300,EA ,00:00.0
477,1568,15,11.11,11.6655,00:00.0,100,1000,300,EA ,00:00.0
478,1568,15,10.56,11.088,00:00.0,100,1000,NULL,EA ,00:00.0
479,1568,15,15.13,15.8865,00:00.0,100,1000,300,EA ,00:00.0
480,1568,15,11.11,11.6655,00:00.0,100,1000,NULL,EA ,00:00.0
481,1568,15,10.56,11.088,00:00.0,100,1000,300,EA ,00:00.0
482,1568,15,8.34,8.757,00:00.0,100,1000,300,EA ,00:00.0
483,1568,15,9.23,9.6915,00:00.0,100,1000,NULL,EA ,00:00.0
484,1568,15,6.55,6.8775,00:00.0,100,1000,300,EA ,00:00.0
485,1568,15,7.43,7.8015,00:00.0,100,1000,300,EA ,00:00.0
486,1568,15,8.34,8.757,00:00.0,100,1000,NULL,EA ,00:00.0
487,1568,15,5.53,5.8065,00:00.0,100,1000,300,EA ,00:00.0
488,1568,15,8.44,8.862,00:00.0,100,1000,300,EA ,00:00.0
489,1568,15,9.97,10.4685,00:00.0,100,1000,NULL,EA ,00:00.0
490,1592,16,12.11,12.7155,00:00.0,1,5,NULL,CAN,00:00.0
490,1662,16,11.77,12.3585,00:00.0,1,5,NULL,CAN,00:00.0
491,1548,15,19.03,19.9815,00:00.0,1,5,3,CAN,00:00.0
491,1592,16,18.99,19.9395,00:00.0,1,5,NULL,CAN,00:00.0
492,1584,16,48.33,50.7465,00:00.0,20,100,NULL,GAL,00:00.0
492,1692,17,47.87,50.2635,00:00.0,20,100,60,GAL,00:00.0
493,1584,16,55.49,58.2645,00:00.0,20,100,NULL,GAL,00:00.0
493,1692,17,54.43,57.1515,00:00.0,20,100,NULL,GAL,00:00.0
494,1584,16,48.33,50.7465,00:00.0,20,100,NULL,GAL,00:00.0
494,1692,17,50.67,53.2035,00:00.0,20,100,60,GAL,00:00.0
495,1584,16,59.93,62.9265,00:00.0,20,100,NULL,GAL,00:00.0
495,1692,17,60.66,63.693,00:00.0,20,100,NULL,GAL,00:00.0
496,1584,16,47.29,49.6545,00:00.0,20,100,NULL,GAL,00:00.0
496,1692,17,46.58,48.909,00:00.0,20,100,NULL,GAL,00:00.0
497,1566,17,32.56,34.188,00:00.0,1,5,3,CS ,00:00.0
504,1690,17,46.44,48.762,00:00.0,1,5,3,CS ,00:00.0
505,1612,16,42.11,44.2155,00:00.0,1,5,3,CS ,00:00.0
506,1504,15,8.76,9.198,00:00.0,20,100,60,DZ ,00:00.0
507,1530,15,22.28,23.394,00:00.0,100,1000,NULL,EA ,00:00.0
507,1624,15,21.11,22.1655,00:00.0,100,1000,NULL,EA ,00:00.0
508,1530,15,26.33,27.6465,00:00.0,100,1000,NULL,EA ,00:00.0
508,1624,15,27.89,29.2845,00:00.0,100,1000,NULL,EA ,00:00.0
509,1680,16,34.55,36.2775,00:00.0,100,1000,NULL,EA ,00:00.0
510,1526,18,22.29,23.4045,00:00.0,100,1000,NULL,EA ,00:00.0
510,1646,15,21.98,23.079,00:00.0,100,1000,300,EA ,00:00.0
511,1526,18,26.54,27.867,00:00.0,100,1000,NULL,EA ,00:00.0
511,1646,15,27.88,29.274,00:00.0,100,1000,300,EA ,00:00.0
512,1646,15,33.31,34.9755,00:00.0,100,1000,300,EA ,00:00.0
512,1654,17,35.32,37.086,00:00.0,100,1000,NULL,EA ,00:00.0
513,1664,17,25.33,26.5965,00:00.0,100,1000,NULL,EA ,00:00.0
513,1682,19,37.33,39.1965,00:00.0,100,1000,NULL,EA ,00:00.0
523,1560,17,10.22,10.731,00:00.0,100,1000,300,EA ,00:00.0
523,1620,16,9.89,10.3845,00:00.0,100,1000,NULL,EA ,00:00.0
524,1560,17,13.45,14.1225,00:00.0,100,1000,300,EA ,00:00.0
524,1626,18,12.35,12.9675,00:00.0,100,1000,NULL,EA ,00:00.0
525,1600,15,2.21,2.3205,00:00.0,100,1000,NULL,EA ,00:00.0
526,1522,15,3.47,3.6435,00:00.0,100,1000,NULL,EA ,00:00.0
527,1644,18,6.43,6.7515,00:00.0,100,1000,NULL,DZ ,00:00.0
528,1618,16,36.34,38.157,00:00.0,1,5,NULL,CTN,00:00.0
530,1494,17,15.32,16.086,00:00.0,100,1000,NULL,EA ,00:00.0
535,1508,15,3.32,3.486,00:00.0,100,1000,NULL,EA ,00:00.0
679,1544,15,5.5,5.775,00:00.0,100,1000,300,EA ,00:00.0
679,1694,15,5.9,6.195,00:00.0,100,1000,300,EA ,00:00.0
707,1520,30,13.25,13.0863,00:00.0,4,200,25,EA ,20:28.3
708,1520,30,13.25,13.0863,00:00.0,4,200,25,EA ,20:28.3
709,1574,12,3.1,3.4,00:00.0,100,500,150,EA ,20:28.3
710,1574,12,3.12,3.4,00:00.0,100,500,150,EA ,20:28.3
711,1520,45,13.88,13.08,00:00.0,50,750,300,EA ,20:28.3
712,1636,45,6.55,6.92,00:00.0,100,1000,630,EA ,20:28.3
713,1636,45,37.45,38.49,00:00.0,100,1000,600,EA ,20:28.3
714,1636,45,37.8,38.49,00:00.0,100,1000,350,EA ,20:28.3
715,1636,45,37.8,38.49,00:00.0,100,1000,100,EA ,20:28.3
716,1636,45,38.05,38.75,00:00.0,100,1000,750,EA ,20:28.3
841,1636,60,26.75,24.75,00:00.0,75,500,300,EA ,20:28.3
842,1518,120,54.2,51.56,00:00.0,100,600,225,EA ,20:28.3
843,1518,10,8.5,10.31,00:00.0,50,200,75,EA ,20:28.3
844,1518,25,8.5,8.25,00:00.0,150,500,300,EA ,20:28.3
845,1518,25,10.75,10.3,00:00.0,150,500,250,EA ,20:28.3
846,1518,30,4.5,5.77,00:00.0,150,500,175,EA ,20:28.3
847,1518,30,14.5,4.43,00:00.0,150,500,150,EA ,20:28.3
848,1518,45,15.75,18.56,00:00.0,50,300,150,EA ,20:28.3
849,1594,45,24.75,24.75,00:00.0,5000,10000,5000,EA ,20:28.3
850,1594,45,24.75,24.75,00:00.0,5000,10000,5000,EA ,20:28.3
851,1594,45,24.75,24.75,00:00.0,5000,10000,5000,EA ,20:28.3
852,1594,60,32.35,30.94,00:00.0,500,8000,750,EA ,20:28.3
853,1594,60,32.35,30.94,00:00.0,500,8000,750,EA ,20:28.3
854,1594,60,32.35,30.94,00:00.0,500,8000,750,EA ,20:28.3
855,1594,60,38.5,37.1,00:00.0,500,5000,1050,EA ,20:28.3
856,1594,60,37.5,37.1,00:00.0,500,5000,1000,EA ,20:28.3
857,1594,60,37.5,37.1,00:00.0,500,5000,1000,EA ,20:28.3
858,1676,15,8.75,9.15,00:00.0,500,5000,700,EA ,20:28.3
859,1676,15,8.75,9.15,00:00.0,500,5000,700,EA ,20:28.3
860,1676,15,8.75,9.15,00:00.0,500,5000,700,EA ,20:28.3
861,1676,25,15.5,15.67,00:00.0,500,5000,900,EA ,20:28.3
862,1676,25,15.5,15.67,00:00.0,500,5000,900,EA ,20:28.3
863,1676,25,15.5,15.67,00:00.0,500,5000,900,EA ,20:28.3
864,1676,35,23.2,23.75,00:00.0,1000,7500,1250,EA ,20:28.3
865,1676,35,23.2,23.75,00:00.0,1000,7500,1250,EA ,20:28.3
866,1676,35,23.2,23.75,00:00.0,1000,7500,1250,EA ,20:28.3
867,1676,25,25.45,26.18,00:00.0,1000,7500,2000,EA ,20:28.3
868,1676,25,25.45,26.18,00:00.0,1000,7500,2000,EA ,20:28.3
869,1676,25,25.45,26.18,00:00.0,1000,7500,2000,EA ,20:28.3
870,1546,45,1.87,1.87,00:00.0,500,2500,1500,EA ,20:28.3
871,1546,45,3.74,3.74,00:00.0,500,2500,500,EA ,20:28.3
872,1546,45,3,3.36,00:00.0,500,2500,1000,EA ,20:28.3
873,1546,45,0.8,0.86,00:00.0,1500,15000,8000,EA ,20:28.3
874,1574,25,3,2.36,00:00.0,1500,15000,8000,EA ,20:28.3
875,1574,25,3,2.36,00:00.0,1500,15000,8000,EA ,20:28.3
876,1546,45,48,33.88,00:00.0,100,500,250,EA ,20:28.3
877,1546,45,3,2.97,00:00.0,100,500,150,EA ,20:28.3
878,1546,45,8.22,8.22,00:00.0,100,500,150,EA ,20:28.3
879,1546,45,49,59.46,00:00.0,100,500,400,EA ,20:28.3
880,1546,45,19,20.56,00:00.0,500,1500,1000,EA ,20:28.3
881,1636,30,40,41.57,00:00.0,5000,10000,6000,EA ,20:28.3
882,1636,30,40,41.57,00:00.0,5000,10000,6000,EA ,20:28.3
883,1636,30,40,41.57,00:00.0,5000,10000,6000,EA ,20:28.3
884,1636,30,40,41.57,00:00.0,5000,10000,6000,EA ,20:28.3
907,1576,19,78.89,82.8345,00:00.0,100,1000,NULL,EA ,00:00.0
908,1570,15,20.09,21.0945,00:00.0,100,1000,NULL,EA ,00:00.0
908,1696,17,20.09,21.0945,00:00.0,100,1000,NULL,EA ,00:00.0
909,1570,15,28.99,30.4395,00:00.0,100,1000,300,EA ,00:00.0
909,1696,17,28.99,30.4395,00:00.0,100,1000,NULL,EA ,00:00.0
910,1610,18,38.99,40.9395,00:00.0,100,1000,300,EA ,00:00.0
910,1696,17,38.99,40.9395,00:00.0,100,1000,NULL,EA ,00:00.0
911,1542,18,20.09,21.0945,00:00.0,100,1000,NULL,EA ,00:00.0
911,1696,17,20.09,21.0945,00:00.0,100,1000,NULL,EA ,00:00.0
912,1542,18,28.99,30.4395,00:00.0,100,1000,NULL,EA ,00:00.0
912,1696,17,28.99,30.4395,00:00.0,100,1000,NULL,EA ,00:00.0
913,1570,15,38.99,40.9395,00:00.0,100,1000,300,EA ,00:00.0
913,1696,17,38.99,40.9395,00:00.0,100,1000,NULL,EA ,00:00.0
914,1672,15,20.09,21.0945,00:00.0,100,1000,NULL,EA ,00:00.0
914,1696,17,20.09,21.0945,00:00.0,100,1000,NULL,EA ,00:00.0
915,1672,15,28.99,30.4395,00:00.0,100,1000,300,EA ,00:00.0
915,1696,17,28.99,30.4395,00:00.0,100,1000,NULL,EA ,00:00.0
916,1672,15,38.99,40.9395,00:00.0,100,1000,NULL,EA ,00:00.0
916,1696,17,38.99,40.9395,00:00.0,100,1000,NULL,EA ,00:00.0
921,1498,19,5.32,5.586,00:00.0,100,1000,NULL,EA ,00:00.0
922,1652,19,6.22,6.531,00:00.0,100,1000,NULL,EA ,00:00.0
923,1652,19,5.89,6.1845,00:00.0,100,1000,NULL,EA ,00:00.0
928,1538,19,30.71,32.2455,00:00.0,100,1000,NULL,EA ,00:00.0
928,1632,19,31.21,32.7705,00:00.0,100,1000,NULL,EA ,00:00.0
929,1538,19,34.82,36.561,00:00.0,100,1000,NULL,EA ,00:00.0
929,1632,19,35.32,37.086,00:00.0,100,1000,NULL,EA ,00:00.0
930,1498,19,40.49,42.5145,00:00.0,100,1000,NULL,EA ,00:00.0
930,1632,19,40.99,43.0395,00:00.0,100,1000,NULL,EA ,00:00.0
931,1588,19,32.71,34.3455,00:00.0,100,1000,NULL,EA ,00:00.0
931,1684,19,33.21,34.8705,00:00.0,100,1000,NULL,EA ,00:00.0
932,1588,19,37.37,39.2385,00:00.0,100,1000,NULL,EA ,00:00.0
932,1684,19,37.87,39.7635,00:00.0,100,1000,NULL,EA ,00:00.0
933,1652,19,41.39,43.4595,00:00.0,100,1000,NULL,EA ,00:00.0
933,1684,19,41.89,43.9845,00:00.0,100,1000,NULL,EA ,00:00.0
934,1652,19,35.83,37.6215,00:00.0,100,1000,NULL,EA ,00:00.0
934,1684,19,36.33,38.1465,00:00.0,100,1000,NULL,EA ,00:00.0
935,1506,18,29.99,31.4895,00:00.0,100,1000,300,EA ,00:00.0
935,1658,15,29.99,31.4895,00:00.0,100,1000,NULL,EA ,00:00.0
936,1506,18,45.99,48.2895,00:00.0,100,1000,300,EA ,00:00.0
936,1658,15,45.99,48.2895,00:00.0,100,1000,NULL,EA ,00:00.0
937,1638,18,59.99,62.9895,00:00.0,100,1000,300,EA ,00:00.0
938,1586,16,29.99,31.4895,00:00.0,100,1000,300,EA ,00:00.0
938,1680,16,29.99,31.4895,00:00.0,100,1000,NULL,EA ,00:00.0
939,1586,16,45.99,48.2895,00:00.0,100,1000,300,EA ,00:00.0
939,1680,16,45.99,48.2895,00:00.0,100,1000,NULL,EA ,00:00.0
940,1508,15,59.99,62.9895,00:00.0,100,1000,NULL,EA ,00:00.0
941,1628,17,59.99,62.9895,00:00.0,100,1000,NULL,EA ,00:00.0
948,1576,19,78.89,82.8345,00:00.0,100,1000,NULL,EA ,00:00.0
952,1674,19,14.99,15.7395,00:00.0,20,100,60,DZ ,00:00.0
